Rk,Player,Age,Team,Pos,G,GS,Cmp,Att,IAY,IAY/PA,CAY,CAY/Cmp,CAY/PA,YAC,YAC/Cmp,Bats,ThAwy,Spikes,Drops,Drop%,BadTh,Bad%,PktTime,Bltz,Hrry,Hits,Prss,Prss%,Scrm,Yds/Scr,Awards,Season,OnTgt,OnTgt%,QBrec,Cmp%,Yds,TD,TD%,Int,Int%,1D,Succ%,Lng,Y/A,AY/A,Y/C,Y/G,Rate,Sk,YdsLost,Sk%,NY/A,ANY/A,4QC,GWD,playoff_games_won
1.0,Tom Brady,41.0,NWE,QB,3.0,3.0,85.0,125.0,837.0,6.7,459.0,5.4,3.7,494.0,5.8,0.0,1.0,0.0,8.0,6.5,21.0,16.9,2.3,24.0,3.0,7.0,11.0,8.7,0.0,,,2018,,,3-0-0,68.0,953.0,2.0,1.6,3.0,2.4,50.0,55.6,35.0,7.6,6.86,11.2,317.7,85.8,1.0,9.0,0.79,7.49,6.74,1.0,2.0,3
2.0,Jared Goff,24.0,LAR,QB,3.0,3.0,59.0,106.0,903.0,8.5,444.0,7.5,4.2,268.0,4.5,0.0,5.0,2.0,7.0,7.1,22.0,22.2,2.6,41.0,11.0,12.0,28.0,24.6,3.0,7.0,,2018,,,2-1-0,55.7,712.0,1.0,0.9,2.0,1.9,35.0,44.1,39.0,6.7,6.06,12.1,237.3,71.7,5.0,39.0,4.5,6.06,5.43,1.0,1.0,2
3.0,Philip Rivers,37.0,LAC,QB,2.0,2.0,47.0,83.0,772.0,9.3,274.0,5.8,3.3,217.0,4.6,0.0,7.0,0.0,3.0,3.9,16.0,21.1,2.3,24.0,9.0,11.0,23.0,26.1,2.0,8.0,,2018,,,1-1-0,56.6,491.0,3.0,3.6,1.0,1.2,24.0,38.4,43.0,5.9,6.1,10.4,245.5,80.9,3.0,21.0,3.49,5.47,5.64,0.0,0.0,1
4.0,Drew Brees,39.0,NOR,QB,2.0,2.0,54.0,78.0,613.0,7.9,281.0,5.2,3.6,269.0,5.0,0.0,2.0,1.0,2.0,2.7,14.0,18.7,2.3,10.0,6.0,6.0,16.0,19.5,0.0,,,2018,,,1-1-0,69.2,550.0,4.0,5.1,2.0,2.6,26.0,48.8,43.0,7.1,6.92,10.2,275.0,95.6,4.0,25.0,4.88,6.4,6.28,0.0,0.0,1
5.0,Patrick Mahomes,23.0,KAN,QB,2.0,2.0,43.0,72.0,788.0,10.9,298.0,6.9,4.1,275.0,6.4,0.0,3.0,0.0,5.0,7.2,16.0,23.2,3.1,21.0,7.0,7.0,22.0,26.5,3.0,5.7,,2018,,,1-1-0,59.7,573.0,3.0,4.2,0.0,0.0,25.0,43.8,54.0,8.0,8.79,13.3,286.5,98.9,8.0,71.0,10.0,6.28,7.03,0.0,0.0,1
6.0,Nick Foles,29.0,PHI,QB,2.0,2.0,43.0,71.0,635.0,8.9,275.0,6.4,3.9,192.0,4.5,0.0,1.0,0.0,1.0,1.4,13.0,18.6,2.5,18.0,6.0,8.0,15.0,20.8,0.0,,,2018,,,1-1-0,60.6,467.0,3.0,4.2,4.0,5.6,28.0,47.2,37.0,6.6,4.89,10.9,233.5,70.6,1.0,8.0,1.39,6.38,4.71,1.0,1.0,1
7.0,Andrew Luck,29.0,IND,QB,2.0,2.0,38.0,68.0,636.0,9.4,329.0,8.7,4.8,96.0,2.5,0.0,3.0,0.0,3.0,4.6,7.0,10.8,2.8,15.0,3.0,2.0,8.0,10.3,7.0,7.0,,2018,,,1-1-0,55.9,425.0,3.0,4.4,1.0,1.5,24.0,46.5,38.0,6.3,6.47,11.2,212.5,83.3,3.0,24.0,4.23,5.65,5.86,0.0,0.0,1
8.0,Dak Prescott,25.0,DAL,QB,2.0,2.0,42.0,65.0,479.0,7.4,274.0,6.5,4.2,218.0,5.2,0.0,2.0,0.0,4.0,6.3,12.0,19.0,2.5,14.0,6.0,3.0,11.0,16.2,1.0,2.0,,2018,,,1-1-0,64.6,492.0,2.0,3.1,1.0,1.5,22.0,47.8,44.0,7.6,7.49,11.7,246.0,91.3,2.0,18.0,2.99,7.07,7.0,1.0,1.0,1
9.0,Deshaun Watson,23.0,HOU,QB,1.0,1.0,29.0,49.0,352.0,7.2,96.0,3.3,2.0,139.0,4.8,0.0,2.0,0.0,2.0,4.3,10.0,21.3,2.4,19.0,10.0,0.0,13.0,22.8,5.0,10.4,,2018,,,0-1-0,59.2,235.0,1.0,2.0,1.0,2.0,13.0,38.5,20.0,4.8,4.29,8.1,235.0,69.7,3.0,18.0,5.77,4.17,3.69,0.0,0.0,0
10.0,Mitchell Trubisky,24.0,CHI,QB,1.0,1.0,26.0,43.0,446.0,10.4,228.0,8.8,5.3,75.0,2.9,0.0,1.0,1.0,1.0,2.4,4.0,9.8,2.7,3.0,2.0,3.0,7.0,14.9,2.0,5.0,,2018,,,0-1-0,60.5,303.0,1.0,2.3,0.0,0.0,12.0,40.0,45.0,7.0,7.51,11.7,303.0,89.6,2.0,12.0,4.44,6.47,6.91,0.0,0.0,0
11.0,Lamar Jackson,21.0,BAL,QB,1.0,1.0,14.0,29.0,250.0,8.6,99.0,7.1,3.4,95.0,6.8,0.0,1.0,2.0,0.0,0.0,7.0,26.9,2.4,3.0,4.0,3.0,14.0,35.0,4.0,11.5,,2018,,,0-1-0,48.3,194.0,2.0,6.9,1.0,3.4,7.0,27.8,39.0,6.7,6.52,13.9,194.0,78.8,7.0,55.0,19.44,3.86,3.72,0.0,0.0,0
12.0,Russell Wilson,30.0,SEA,QB,1.0,1.0,18.0,27.0,224.0,8.3,135.0,7.5,5.0,98.0,5.4,0.0,1.0,0.0,1.0,3.8,6.0,23.1,2.4,4.0,1.0,2.0,4.0,13.8,1.0,3.0,,2018,,,0-1-0,66.7,233.0,1.0,3.7,0.0,0.0,6.0,32.1,53.0,8.6,9.37,12.9,233.0,105.9,1.0,7.0,3.57,8.07,8.79,0.0,0.0,0
13.0,Johnny Hekker,28.0,LAR,P,1.0,0.0,1.0,1.0,3.0,3.0,3.0,3.0,3.0,9.0,9.0,0.0,0.0,0.0,0.0,0.0,0.0,0.0,0.0,0.0,0.0,0.0,0.0,0.0,0.0,,,2018,,,,100.0,12.0,0.0,0.0,0.0,0.0,1.0,,12.0,12.0,12.0,12.0,12.0,116.7,0.0,0.0,0.0,12.0,12.0,0.0,0.0,
14.0,Taysom Hill,28.0,NOR,QB,1.0,0.0,0.0,1.0,-1.0,-1.0,0.0,,0.0,0.0,,0.0,0.0,0.0,1.0,100.0,0.0,0.0,1.6,1.0,1.0,0.0,1.0,100.0,0.0,,,2018,,,,0.0,0.0,0.0,0.0,0.0,0.0,0.0,,,0.0,0.0,,0.0,39.6,0.0,0.0,0.0,0.0,0.0,0.0,0.0,
,League Average,,nan,,,,,,,8.5,,6.4,3.9,,4.9,,,,,4.9,,18.9,2.4,,,,,19.5,,7.7,,2018,,,,61.0,,,3.2,,2.0,,44.6,,6.9,6.65,11.3,235.0,84.1,,,4.66,6.22,5.98,,,
1.0,Patrick Mahomes,24.0,KAN,QB,3.0,3.0,72.0,112.0,875.0,7.8,515.0,7.2,4.6,386.0,5.4,2.0,6.0,0.0,11.0,10.4,16.0,15.1,2.4,26.0,19.0,11.0,36.0,27.3,14.0,10.6,SB MVP,2019,87.0,82.1,3-0-0,64.3,901.0,10.0,8.9,2.0,1.8,43.0,50.8,60.0,8.0,9.03,12.5,300.3,111.5,6.0,20.0,5.08,7.47,8.4,1.0,1.0,3
2.0,Deshaun Watson,24.0,HOU,QB,2.0,2.0,51.0,77.0,681.0,8.8,382.0,7.5,5.0,253.0,5.0,0.0,1.0,1.0,5.0,6.7,12.0,16.0,2.5,23.0,11.0,8.0,30.0,30.6,10.0,4.1,,2019,59.0,78.7,1-1-0,66.2,635.0,3.0,3.9,0.0,0.0,31.0,45.5,54.0,8.2,9.03,12.5,317.5,104.6,11.0,54.0,12.5,6.6,7.28,1.0,1.0,1
3.0,Aaron Rodgers,36.0,GNB,QB,2.0,2.0,47.0,66.0,555.0,8.4,295.0,6.3,4.5,274.0,5.8,1.0,6.0,0.0,2.0,3.3,7.0,11.7,2.4,15.0,5.0,3.0,13.0,18.1,1.0,14.0,,2019,50.0,83.3,1-1-0,71.2,569.0,4.0,6.1,2.0,3.0,28.0,47.9,65.0,8.6,8.47,12.1,284.5,104.9,5.0,38.0,7.04,7.48,7.34,0.0,0.0,1
4.0,Russell Wilson,31.0,SEA,QB,2.0,2.0,39.0,61.0,707.0,11.6,379.0,9.7,6.2,223.0,5.7,0.0,2.0,1.0,2.0,3.4,13.0,22.4,2.7,26.0,3.0,15.0,24.0,30.8,11.0,9.7,,2019,43.0,74.1,1-1-0,63.9,602.0,2.0,3.3,0.0,0.0,25.0,52.2,53.0,9.9,10.52,15.4,301.0,107.4,6.0,19.0,8.96,8.7,9.3,0.0,0.0,1
5.0,Kirk Cousins,31.0,MIN,QB,2.0,2.0,40.0,60.0,438.0,7.3,238.0,6.0,4.0,176.0,4.4,2.0,0.0,0.0,2.0,3.3,8.0,13.3,2.5,14.0,6.0,4.0,18.0,26.5,0.0,,,2019,44.0,73.3,1-1-0,66.7,414.0,2.0,3.3,1.0,1.7,17.0,42.6,43.0,6.9,6.82,10.4,207.0,90.6,8.0,56.0,11.76,5.26,5.19,0.0,1.0,1
6.0,Ryan Tannehill,31.0,TEN,QB,3.0,3.0,36.0,60.0,568.0,9.5,200.0,5.6,3.3,169.0,4.7,2.0,2.0,0.0,0.0,0.0,10.0,17.2,2.7,31.0,3.0,6.0,14.0,20.3,4.0,5.0,,2019,43.0,74.1,2-1-0,60.0,369.0,5.0,8.3,1.0,1.7,21.0,41.5,45.0,6.2,7.07,10.3,123.0,98.5,5.0,40.0,7.69,5.06,5.91,0.0,0.0,2
7.0,Lamar Jackson,22.0,BAL,QB,1.0,1.0,31.0,59.0,663.0,11.2,273.0,8.8,4.6,92.0,3.0,0.0,4.0,1.0,7.0,13.0,9.0,16.7,2.5,10.0,2.0,3.0,9.0,12.7,8.0,9.9,,2019,44.0,81.5,0-1-0,52.5,365.0,1.0,1.7,2.0,3.4,18.0,41.3,38.0,6.2,5.0,11.8,365.0,63.2,4.0,20.0,6.35,5.48,4.37,0.0,0.0,0
8.0,Jimmy Garoppolo,28.0,SFO,QB,3.0,3.0,37.0,58.0,444.0,7.7,214.0,5.8,3.7,213.0,5.8,2.0,1.0,0.0,2.0,3.5,7.0,12.3,2.2,25.0,2.0,7.0,13.0,20.6,1.0,3.0,,2019,44.0,77.2,2-1-0,63.8,427.0,2.0,3.4,3.0,5.2,25.0,46.8,30.0,7.4,5.72,11.5,142.3,75.9,4.0,26.0,6.45,6.47,4.94,0.0,0.0,2
9.0,Josh Allen,23.0,BUF,QB,1.0,1.0,24.0,46.0,412.0,9.0,105.0,4.4,2.3,159.0,6.6,0.0,3.0,1.0,4.0,9.5,9.0,21.4,2.3,19.0,2.0,8.0,13.0,26.0,1.0,18.0,,2019,31.0,73.8,0-1-0,52.2,264.0,0.0,0.0,0.0,0.0,13.0,40.8,38.0,5.7,5.74,11.0,264.0,69.5,3.0,27.0,6.12,4.84,4.84,0.0,0.0,0
10.0,Tom Brady,42.0,NWE,QB,1.0,1.0,20.0,37.0,329.0,8.9,75.0,3.8,2.0,134.0,6.7,1.0,1.0,0.0,3.0,8.3,7.0,19.4,2.7,2.0,1.0,4.0,5.0,13.5,0.0,,,2019,23.0,63.9,0-1-0,54.1,209.0,0.0,0.0,1.0,2.7,11.0,45.9,29.0,5.6,4.43,10.5,209.0,59.4,0.0,0.0,0.0,5.65,4.43,0.0,0.0,0
11.0,Drew Brees,40.0,NOR,QB,1.0,1.0,26.0,33.0,200.0,6.1,121.0,4.7,3.7,87.0,3.3,1.0,0.0,0.0,0.0,0.0,3.0,9.1,2.3,10.0,2.0,2.0,7.0,18.9,1.0,5.0,,2019,27.0,81.8,0-1-0,78.8,208.0,1.0,3.0,1.0,3.0,11.0,52.8,20.0,6.3,5.55,8.0,208.0,90.4,3.0,31.0,8.33,4.92,4.22,0.0,0.0,0
12.0,Josh McCown,40.0,PHI,QB,1.0,0.0,18.0,24.0,146.0,6.1,96.0,5.3,4.0,78.0,4.3,0.0,2.0,0.0,1.0,4.5,2.0,9.1,2.2,9.0,1.0,1.0,8.0,25.0,2.0,3.5,,2019,20.0,90.9,,75.0,174.0,0.0,0.0,0.0,0.0,9.0,40.0,32.0,7.3,7.25,9.7,174.0,94.8,6.0,14.0,20.0,5.33,5.33,0.0,0.0,
13.0,Carson Wentz,27.0,PHI,QB,1.0,1.0,1.0,4.0,24.0,6.0,-2.0,-2.0,-0.5,5.0,5.0,0.0,1.0,0.0,0.0,0.0,1.0,33.3,2.3,1.0,1.0,1.0,3.0,60.0,0.0,,,2019,2.0,66.7,0-1-0,25.0,3.0,0.0,0.0,0.0,0.0,0.0,,3.0,0.8,0.75,3.0,3.0,39.6,1.0,1.0,20.0,0.4,0.4,0.0,0.0,0
14.0,Corey Bojorquez,23.0,BUF,P,1.0,0.0,0.0,1.0,0.0,0.0,0.0,,0.0,0.0,,0.0,0.0,0.0,0.0,0.0,0.0,0.0,0.0,0.0,0.0,0.0,0.0,0.0,0.0,,,2019,0.0,0.0,,0.0,0.0,0.0,0.0,0.0,0.0,0.0,,,0.0,0.0,,0.0,39.6,0.0,0.0,0.0,0.0,0.0,0.0,0.0,
15.0,John Brown,29.0,BUF,WR,1.0,1.0,1.0,1.0,12.0,12.0,12.0,12.0,12.0,4.0,4.0,0.0,0.0,0.0,0.0,0.0,0.0,0.0,4.4,0.0,0.0,0.0,0.0,0.0,0.0,,,2019,1.0,100.0,,100.0,16.0,1.0,100.0,0.0,0.0,1.0,100.0,16.0,16.0,36.0,16.0,16.0,158.3,0.0,0.0,0.0,16.0,36.0,0.0,0.0,
16.0,Derrick Henry,25.0,TEN,RB,1.0,1.0,1.0,1.0,3.0,3.0,3.0,3.0,3.0,0.0,0.0,0.0,0.0,0.0,0.0,0.0,0.0,0.0,1.3,0.0,0.0,0.0,0.0,0.0,0.0,,,2019,1.0,100.0,,100.0,3.0,1.0,100.0,0.0,0.0,1.0,100.0,3.0,3.0,23.0,3.0,3.0,118.7,0.0,0.0,0.0,3.0,23.0,0.0,0.0,
17.0,Taysom Hill,29.0,NOR,WR/QB,1.0,1.0,1.0,1.0,50.0,50.0,50.0,50.0,50.0,0.0,0.0,0.0,0.0,0.0,0.0,0.0,0.0,0.0,3.8,0.0,0.0,0.0,0.0,0.0,0.0,,,2019,1.0,100.0,0-1-0,100.0,50.0,0.0,0.0,0.0,0.0,1.0,100.0,50.0,50.0,50.0,50.0,50.0,118.7,0.0,0.0,0.0,50.0,50.0,0.0,0.0,0
18.0,Brett Kern,33.0,TEN,P,1.0,0.0,1.0,1.0,9.0,9.0,9.0,9.0,9.0,19.0,19.0,0.0,0.0,0.0,0.0,0.0,0.0,0.0,0.0,0.0,0.0,0.0,0.0,0.0,0.0,,,2019,0.0,0.0,,100.0,28.0,0.0,0.0,0.0,0.0,1.0,,28.0,28.0,28.0,28.0,28.0,118.7,0.0,0.0,0.0,28.0,28.0,0.0,0.0,
19.0,Marcus Mariota,26.0,TEN,QB,1.0,0.0,1.0,1.0,3.0,3.0,3.0,3.0,3.0,1.0,1.0,0.0,0.0,0.0,0.0,0.0,0.0,0.0,2.7,0.0,0.0,1.0,1.0,100.0,0.0,,,2019,1.0,100.0,,100.0,4.0,0.0,0.0,0.0,0.0,0.0,100.0,4.0,4.0,4.0,4.0,4.0,83.3,0.0,0.0,0.0,4.0,4.0,0.0,0.0,
,League Average,,nan,,,,,,,8.7,,6.6,4.2,,5.1,,,,,5.8,,15.5,2.4,,,,,23.7,,8.4,,2019,,77.8,,63.6,,,4.6,,1.8,,45.8,,7.5,7.53,11.7,163.8,93.6,,,8.46,6.34,6.41,,,
1.0,Tom Brady,43.0,TAM,QB,4.0,4.0,81.0,138.0,1371.0,9.9,615.0,7.6,4.5,446.0,5.5,0.0,3.0,0.0,10.0,7.4,34.0,25.2,2.4,40.0,10.0,10.0,26.0,18.1,0.0,,SB MVP,2020,98.0,72.6,4-0-0,58.7,1061.0,10.0,7.2,3.0,2.2,55.0,47.2,52.0,7.7,8.16,13.1,265.3,98.1,6.0,37.0,4.17,7.11,7.56,0.0,1.0,4
2.0,Josh Allen,24.0,BUF,QB,3.0,3.0,77.0,120.0,1082.0,9.0,522.0,6.8,4.4,295.0,3.8,1.0,7.0,0.0,7.0,6.2,21.0,18.6,2.7,38.0,10.0,11.0,29.0,21.2,9.0,10.6,,2020,84.0,74.3,2-1-0,64.2,817.0,5.0,4.2,1.0,0.8,44.0,46.9,37.0,6.8,7.27,10.6,272.3,94.3,8.0,94.0,6.25,5.65,6.08,0.0,0.0,2
3.0,Patrick Mahomes,25.0,KAN,QB,3.0,3.0,76.0,117.0,772.0,6.6,386.0,5.1,3.3,464.0,6.1,2.0,3.0,1.0,9.0,8.0,16.0,14.2,2.4,18.0,11.0,11.0,26.0,20.6,5.0,9.4,,2020,85.0,75.2,2-1-0,65.0,850.0,4.0,3.4,2.0,1.7,43.0,52.9,71.0,7.3,7.18,11.2,283.3,90.8,4.0,27.0,3.31,6.8,6.72,0.0,0.0,2
4.0,Aaron Rodgers,37.0,GNB,QB,2.0,2.0,56.0,84.0,665.0,7.9,315.0,5.6,3.8,327.0,5.8,1.0,4.0,0.0,4.0,5.0,13.0,16.3,2.4,33.0,5.0,4.0,14.0,15.6,1.0,1.0,,2020,63.0,78.8,1-1-0,66.7,642.0,5.0,6.0,1.0,1.2,34.0,56.2,58.0,7.6,8.3,11.5,321.0,104.4,5.0,32.0,5.62,6.85,7.47,0.0,0.0,1
5.0,Drew Brees,41.0,NOR,QB,2.0,2.0,47.0,73.0,362.0,5.0,177.0,3.8,2.4,222.0,4.7,2.0,3.0,0.0,1.0,1.4,10.0,14.3,2.5,24.0,5.0,7.0,12.0,16.4,0.0,,,2020,55.0,78.6,1-1-0,64.4,399.0,3.0,4.1,3.0,4.1,20.0,52.1,38.0,5.5,4.44,8.5,199.5,75.1,0.0,0.0,0.0,5.47,4.44,0.0,0.0,1
6.0,Baker Mayfield,25.0,CLE,QB,2.0,2.0,44.0,71.0,419.0,5.9,206.0,4.7,2.9,261.0,5.9,3.0,3.0,0.0,6.0,8.8,9.0,13.2,2.3,40.0,4.0,2.0,7.0,9.5,2.0,4.0,,2020,52.0,76.5,1-1-0,62.0,467.0,4.0,5.6,1.0,1.4,23.0,44.4,40.0,6.6,7.07,10.6,233.5,94.0,1.0,8.0,1.39,6.38,6.86,0.0,0.0,1
7.0,Ben Roethlisberger,38.0,PIT,QB,1.0,1.0,47.0,68.0,565.0,8.3,318.0,6.8,4.7,183.0,3.9,1.0,0.0,0.0,4.0,5.9,14.0,20.6,2.5,7.0,6.0,4.0,10.0,14.7,0.0,,,2020,51.0,75.0,0-1-0,69.1,501.0,4.0,5.9,4.0,5.9,29.0,58.8,33.0,7.4,5.9,10.7,501.0,85.5,0.0,0.0,0.0,7.37,5.9,0.0,0.0,0
8.0,Lamar Jackson,23.0,BAL,QB,2.0,2.0,31.0,48.0,386.0,8.0,211.0,6.8,4.4,130.0,4.2,0.0,1.0,1.0,1.0,2.2,10.0,21.7,2.4,17.0,7.0,5.0,20.0,33.3,4.0,17.8,,2020,34.0,73.9,1-1-0,64.6,341.0,0.0,0.0,2.0,4.2,12.0,41.1,31.0,7.1,5.23,11.0,170.5,68.1,8.0,38.0,14.29,5.41,3.8,0.0,0.0,1
9.0,Jared Goff,26.0,LAR,QB,2.0,1.0,30.0,46.0,350.0,7.6,220.0,7.3,4.8,109.0,3.6,3.0,2.0,0.0,2.0,4.5,4.0,9.1,2.8,13.0,3.0,5.0,14.0,25.9,2.0,6.0,,2020,33.0,75.0,0-1-0,65.2,329.0,2.0,4.3,0.0,0.0,16.0,48.1,44.0,7.2,8.02,11.0,164.5,100.7,6.0,41.0,11.54,5.54,6.31,0.0,0.0,0
10.0,Philip Rivers,39.0,IND,QB,1.0,1.0,27.0,46.0,352.0,7.7,194.0,7.2,4.2,115.0,4.3,0.0,0.0,0.0,4.0,8.7,8.0,17.4,2.2,15.0,2.0,1.0,3.0,6.5,0.0,,,2020,36.0,78.3,0-1-0,58.7,309.0,2.0,4.3,0.0,0.0,17.0,47.8,32.0,6.7,7.59,11.4,309.0,93.5,0.0,0.0,0.0,6.72,7.59,0.0,0.0,0
11.0,Taylor Heinicke,27.0,WAS,QB,1.0,1.0,26.0,44.0,385.0,8.8,215.0,8.3,4.9,91.0,3.5,1.0,3.0,0.0,3.0,7.3,6.0,14.6,2.8,13.0,2.0,4.0,8.0,15.4,6.0,7.7,,2020,30.0,73.2,0-1-0,59.1,306.0,1.0,2.3,1.0,2.3,15.0,43.5,36.0,7.0,6.39,11.8,306.0,78.4,2.0,17.0,4.35,6.28,5.74,0.0,0.0,0
12.0,Mitchell Trubisky,26.0,CHI,QB,1.0,1.0,19.0,29.0,278.0,9.6,141.0,7.4,4.9,58.0,3.1,0.0,2.0,0.0,2.0,7.4,3.0,11.1,2.7,9.0,1.0,2.0,4.0,12.1,3.0,3.3,,2020,21.0,77.8,0-1-0,65.5,199.0,1.0,3.4,0.0,0.0,8.0,46.7,28.0,6.9,7.55,10.5,199.0,96.8,1.0,8.0,3.33,6.37,7.03,0.0,0.0,0
13.0,Russell Wilson,32.0,SEA,QB,1.0,1.0,11.0,27.0,392.0,14.5,134.0,12.2,5.0,40.0,3.6,0.0,1.0,0.0,2.0,7.7,9.0,34.6,3.0,11.0,1.0,5.0,11.0,30.6,4.0,12.5,,2020,13.0,50.0,0-1-0,40.7,174.0,2.0,7.4,1.0,3.7,5.0,28.1,51.0,6.4,6.26,15.8,174.0,72.1,5.0,32.0,15.63,4.44,4.28,0.0,0.0,0
14.0,Ryan Tannehill,32.0,TEN,QB,1.0,1.0,18.0,26.0,188.0,7.2,95.0,5.3,3.7,70.0,3.9,2.0,0.0,0.0,0.0,0.0,4.0,15.4,2.5,10.0,2.0,4.0,7.0,25.0,1.0,4.0,,2020,19.0,73.1,0-1-0,69.2,165.0,1.0,3.8,1.0,3.8,9.0,48.1,35.0,6.3,5.38,9.2,165.0,83.0,1.0,7.0,3.7,5.85,4.93,0.0,0.0,0
15.0,Tyler Huntley,22.0,BAL,QB,1.0,0.0,6.0,13.0,116.0,8.9,39.0,6.5,3.0,21.0,3.5,0.0,0.0,0.0,1.0,7.7,3.0,23.1,2.8,4.0,0.0,0.0,1.0,5.9,3.0,10.7,,2020,7.0,53.8,,46.2,60.0,0.0,0.0,0.0,0.0,3.0,35.7,29.0,4.6,4.62,10.0,60.0,59.8,1.0,8.0,7.14,3.71,3.71,0.0,0.0,
16.0,Chad Henne,35.0,KAN,QB,1.0,0.0,6.0,8.0,79.0,9.9,36.0,6.0,4.5,30.0,5.0,1.0,0.0,0.0,0.0,0.0,1.0,12.5,1.8,5.0,0.0,0.0,1.0,10.0,1.0,13.0,,2020,6.0,75.0,,75.0,66.0,0.0,0.0,1.0,12.5,4.0,44.4,24.0,8.3,2.63,11.0,66.0,59.4,1.0,6.0,11.11,6.67,1.67,0.0,0.0,
17.0,John Wolford,25.0,LAR,QB,1.0,1.0,3.0,6.0,60.0,10.0,24.0,8.0,4.0,5.0,1.7,0.0,0.0,0.0,1.0,16.7,1.0,16.7,2.8,3.0,0.0,1.0,2.0,28.6,0.0,,,2020,4.0,66.7,1-0-0,50.0,29.0,0.0,0.0,0.0,0.0,2.0,28.6,15.0,4.8,4.83,9.7,29.0,63.9,1.0,0.0,14.29,4.14,4.14,0.0,0.0,1
18.0,Jameis Winston,26.0,NOR,QB,1.0,0.0,1.0,1.0,28.0,28.0,28.0,28.0,28.0,28.0,28.0,0.0,0.0,0.0,0.0,0.0,0.0,0.0,4.0,0.0,1.0,0.0,1.0,100.0,0.0,,,2020,1.0,100.0,,100.0,56.0,1.0,100.0,0.0,0.0,1.0,100.0,56.0,56.0,76.0,56.0,56.0,158.3,0.0,0.0,0.0,56.0,76.0,0.0,0.0,
,League Average,,nan,,,,,,,8.1,,6.4,4.0,,4.8,,,,,6.1,,17.8,2.5,,,,,18.6,,9.5,,2020,,74.3,,62.8,,,4.7,,2.2,,48.2,,7.0,6.97,11.2,218.4,90.1,,,5.02,6.31,6.27,,,
1.0,Joe Burrow,25.0,CIN,QB,4.0,4.0,97.0,142.0,879.0,6.2,479.0,4.9,3.4,626.0,6.5,3.0,6.0,1.0,6.0,4.4,17.0,12.6,2.6,31.0,19.0,12.0,50.0,30.1,5.0,7.4,,2021,107.0,79.3,3-1-0,68.3,1105.0,5.0,3.5,2.0,1.4,48.0,44.7,75.0,7.8,7.85,11.4,276.3,97.3,19.0,137.0,11.8,6.01,6.07,0.0,2.0,3
2.0,Matthew Stafford,33.0,LAR,QB,4.0,4.0,98.0,140.0,1202.0,8.6,645.0,6.6,4.6,543.0,5.5,0.0,5.0,1.0,8.0,6.0,21.0,15.7,2.5,37.0,6.0,15.0,28.0,18.3,6.0,7.3,,2021,107.0,79.9,4-0-0,70.0,1188.0,9.0,6.4,3.0,2.1,58.0,55.8,70.0,8.5,8.81,12.1,297.0,108.3,7.0,42.0,4.76,7.8,8.1,2.0,3.0,4
3.0,Patrick Mahomes,26.0,KAN,QB,3.0,3.0,89.0,122.0,694.0,5.7,432.0,4.9,3.5,625.0,7.0,0.0,6.0,0.0,6.0,5.2,15.0,12.9,2.3,22.0,7.0,7.0,23.0,16.0,13.0,9.0,,2021,96.0,82.8,2-1-0,73.0,1057.0,11.0,9.0,3.0,2.5,56.0,57.3,64.0,8.7,9.36,11.9,352.3,118.8,9.0,81.0,6.87,7.45,8.1,1.0,1.0,2
4.0,Tom Brady,44.0,TAM,QB,2.0,2.0,59.0,91.0,596.0,6.5,283.0,4.8,3.1,317.0,5.4,1.0,3.0,0.0,7.0,8.0,13.0,14.8,2.3,22.0,3.0,4.0,14.0,14.3,0.0,,,2021,66.0,75.0,1-1-0,64.8,600.0,3.0,3.3,1.0,1.1,28.0,44.9,55.0,6.6,6.76,10.2,300.0,90.0,7.0,49.0,7.14,5.62,5.78,0.0,0.0,1
5.0,Jimmy Garoppolo,30.0,SFO,QB,3.0,3.0,43.0,74.0,426.0,5.8,217.0,5.0,2.9,318.0,7.4,4.0,2.0,1.0,5.0,7.0,9.0,12.7,2.3,32.0,8.0,10.0,22.0,27.5,2.0,2.5,,2021,50.0,70.4,2-1-0,58.1,535.0,2.0,2.7,3.0,4.1,30.0,41.0,44.0,7.2,5.95,12.4,178.3,72.7,4.0,25.0,5.13,6.54,5.32,0.0,1.0,2
6.0,Josh Allen,25.0,BUF,QB,2.0,2.0,48.0,62.0,528.0,8.5,412.0,8.6,6.6,225.0,4.7,1.0,0.0,0.0,2.0,3.2,8.0,12.9,2.6,16.0,3.0,1.0,6.0,8.7,5.0,11.6,,2021,54.0,87.1,1-1-0,77.4,637.0,9.0,14.5,0.0,0.0,27.0,59.4,75.0,10.3,13.18,13.3,318.5,149.0,2.0,16.0,3.13,9.7,12.52,0.0,0.0,1
7.0,Derek Carr,30.0,LVR,QB,1.0,1.0,29.0,54.0,411.0,7.6,187.0,6.4,3.5,123.0,4.2,0.0,4.0,1.0,2.0,4.1,9.0,18.4,2.6,9.0,7.0,0.0,10.0,17.2,1.0,20.0,,2021,39.0,79.6,0-1-0,53.7,310.0,1.0,1.9,1.0,1.9,15.0,42.1,26.0,5.7,5.28,10.7,310.0,69.2,3.0,28.0,5.26,4.95,4.51,0.0,0.0,0
8.0,Ben Roethlisberger,39.0,PIT,QB,1.0,1.0,29.0,44.0,320.0,7.3,107.0,3.7,2.4,108.0,3.7,0.0,0.0,0.0,3.0,6.8,10.0,22.7,1.8,15.0,0.0,2.0,4.0,8.7,0.0,,,2021,32.0,72.7,0-1-0,65.9,215.0,2.0,4.5,0.0,0.0,15.0,50.0,22.0,4.9,5.8,7.4,215.0,92.5,2.0,14.0,4.35,4.37,5.24,0.0,0.0,0
9.0,Jalen Hurts,23.0,PHI,QB,1.0,1.0,23.0,43.0,469.0,10.9,86.0,3.7,2.0,172.0,7.5,2.0,0.0,0.0,1.0,2.3,13.0,30.2,2.7,21.0,4.0,9.0,15.0,32.6,1.0,6.0,,2021,25.0,58.1,0-1-0,53.5,258.0,1.0,2.3,2.0,4.7,10.0,28.9,35.0,6.0,4.37,11.2,258.0,60.0,2.0,14.0,4.44,5.42,3.87,0.0,0.0,0
10.0,Dak Prescott,28.0,DAL,QB,1.0,1.0,23.0,43.0,372.0,8.7,156.0,6.8,3.6,98.0,4.3,1.0,1.0,1.0,2.0,4.9,14.0,34.1,2.5,10.0,3.0,6.0,14.0,26.9,4.0,6.8,,2021,28.0,68.3,0-1-0,53.5,254.0,1.0,2.3,1.0,2.3,11.0,37.5,38.0,5.9,5.33,11.0,254.0,69.3,5.0,40.0,10.42,4.46,3.94,0.0,0.0,0
11.0,Mac Jones,23.0,NWE,QB,1.0,1.0,24.0,38.0,243.0,6.4,131.0,5.5,3.4,101.0,4.2,1.0,2.0,1.0,5.0,14.3,3.0,8.6,2.7,7.0,4.0,2.0,9.0,20.9,2.0,9.0,,2021,32.0,91.4,0-1-0,63.2,232.0,2.0,5.3,2.0,5.3,13.0,41.5,43.0,6.1,4.79,9.7,232.0,75.8,3.0,16.0,7.32,5.27,4.05,0.0,0.0,0
12.0,Kyler Murray,24.0,ARI,QB,1.0,1.0,19.0,34.0,279.0,8.2,43.0,2.3,1.3,94.0,4.9,0.0,0.0,0.0,1.0,2.9,10.0,29.4,2.4,11.0,7.0,2.0,11.0,29.7,1.0,7.0,,2021,21.0,61.8,0-1-0,55.9,137.0,0.0,0.0,2.0,5.9,7.0,33.3,23.0,4.0,1.38,7.2,137.0,40.9,2.0,15.0,5.56,3.39,0.89,0.0,0.0,0
13.0,Aaron Rodgers,38.0,GNB,QB,1.0,1.0,20.0,29.0,220.0,7.6,97.0,4.9,3.3,128.0,6.4,0.0,1.0,1.0,2.0,7.4,3.0,11.1,2.3,3.0,3.0,1.0,9.0,26.5,0.0,,,2021,24.0,88.9,0-1-0,69.0,225.0,0.0,0.0,0.0,0.0,8.0,35.3,75.0,7.8,7.76,11.3,225.0,91.9,5.0,29.0,14.71,5.76,5.76,0.0,0.0,0
14.0,Ryan Tannehill,33.0,TEN,QB,1.0,1.0,15.0,24.0,261.0,10.9,173.0,11.5,7.2,47.0,3.1,0.0,0.0,0.0,2.0,8.3,4.0,16.7,2.7,8.0,1.0,4.0,6.0,22.2,2.0,6.0,,2021,20.0,83.3,0-1-0,62.5,220.0,1.0,4.2,3.0,12.5,9.0,48.0,41.0,9.2,4.38,14.7,220.0,66.7,1.0,7.0,4.0,8.52,3.92,0.0,0.0,0
15.0,Bryan Anger,33.0,DAL,P,1.0,0.0,1.0,1.0,8.0,8.0,8.0,8.0,8.0,8.0,8.0,0.0,0.0,0.0,0.0,0.0,0.0,0.0,1.9,0.0,0.0,0.0,0.0,0.0,0.0,,,2021,1.0,100.0,,100.0,16.0,0.0,0.0,0.0,0.0,1.0,100.0,16.0,16.0,16.0,16.0,16.0,118.7,0.0,0.0,0.0,16.0,16.0,0.0,0.0,
16.0,Odell Beckham Jr.,29.0,LAR,WR,1.0,1.0,1.0,1.0,26.0,26.0,26.0,26.0,26.0,14.0,14.0,0.0,0.0,0.0,0.0,0.0,0.0,0.0,1.6,1.0,0.0,1.0,1.0,100.0,0.0,,,2021,1.0,100.0,,100.0,40.0,0.0,0.0,0.0,0.0,1.0,100.0,40.0,40.0,40.0,40.0,40.0,118.7,0.0,0.0,0.0,40.0,40.0,0.0,0.0,
17.0,Travis Kelce,32.0,KAN,TE,1.0,1.0,1.0,1.0,2.0,2.0,2.0,2.0,2.0,0.0,0.0,0.0,0.0,0.0,0.0,0.0,0.0,0.0,2.0,1.0,0.0,0.0,0.0,0.0,0.0,,,2021,1.0,100.0,,100.0,2.0,1.0,100.0,0.0,0.0,1.0,100.0,2.0,2.0,22.0,2.0,2.0,118.7,0.0,0.0,0.0,2.0,22.0,0.0,0.0,
18.0,Cooper Kupp,28.0,LAR,WR,1.0,1.0,0.0,1.0,5.0,5.0,0.0,,0.0,0.0,,0.0,0.0,0.0,0.0,0.0,1.0,100.0,1.5,1.0,0.0,0.0,0.0,0.0,0.0,,SB MVP,2021,0.0,0.0,,0.0,0.0,0.0,0.0,0.0,0.0,0.0,,,0.0,0.0,,0.0,39.6,0.0,0.0,0.0,0.0,0.0,0.0,0.0,
19.0,Joe Mixon,25.0,CIN,RB,1.0,1.0,1.0,1.0,6.0,6.0,6.0,6.0,6.0,0.0,0.0,0.0,0.0,0.0,0.0,0.0,0.0,0.0,2.3,1.0,0.0,0.0,0.0,0.0,0.0,,,2021,1.0,100.0,,100.0,6.0,1.0,100.0,0.0,0.0,1.0,100.0,6.0,6.0,26.0,6.0,6.0,131.2,0.0,0.0,0.0,6.0,26.0,0.0,0.0,
,League Average,,nan,,,,,,,7.4,,5.6,3.7,,5.7,,,,,5.7,,16.5,2.4,,,,,21.0,,8.4,,2021,,77.6,,65.6,,,5.2,,2.4,,47.0,,7.4,7.39,11.4,227.0,94.9,,,6.99,6.42,6.37,,,
1.0,Joe Burrow,26.0,CIN,QB,3.0,3.0,72.0,109.0,744.0,6.8,380.0,5.3,3.5,341.0,4.7,1.0,6.0,1.0,4.0,3.9,12.0,11.8,2.3,25.0,5.0,11.0,26.0,20.5,8.0,7.3,,2022,77.0,75.5,2-1-0,66.1,721.0,4.0,3.7,2.0,1.8,36.0,50.4,35.0,6.6,6.52,10.0,240.3,89.3,10.0,60.0,8.4,5.55,5.47,0.0,0.0,2
2.0,Patrick Mahomes,27.0,KAN,QB,3.0,3.0,72.0,100.0,618.0,6.2,351.0,4.9,3.5,352.0,4.9,0.0,6.0,0.0,3.0,3.2,14.0,14.9,2.2,29.0,2.0,13.0,18.0,16.2,8.0,8.1,SB MVP,2022,73.0,77.7,3-0-0,72.0,703.0,7.0,7.0,0.0,0.0,40.0,57.3,29.0,7.0,8.43,9.8,234.3,114.7,3.0,11.0,2.91,6.72,8.08,1.0,2.0,3
3.0,Jalen Hurts,24.0,PHI,QB,3.0,3.0,58.0,87.0,791.0,9.1,330.0,5.7,3.8,249.0,4.3,1.0,5.0,0.0,4.0,4.9,11.0,13.4,2.2,31.0,9.0,4.0,17.0,17.9,4.0,6.3,,2022,68.0,82.9,2-1-0,66.7,579.0,3.0,3.4,0.0,0.0,25.0,42.9,45.0,6.7,7.34,10.0,193.0,96.9,4.0,8.0,4.4,6.27,6.93,0.0,0.0,2
4.0,Trevor Lawrence,23.0,JAX,QB,2.0,2.0,52.0,86.0,656.0,7.6,278.0,5.3,3.2,227.0,4.4,3.0,0.0,1.0,1.0,1.2,18.0,21.2,2.1,16.0,7.0,7.0,18.0,19.4,3.0,10.3,,2022,53.0,62.4,1-1-0,60.5,505.0,5.0,5.8,5.0,5.8,29.0,50.0,39.0,5.9,4.42,9.7,252.5,72.1,4.0,27.0,4.44,5.31,3.92,1.0,1.0,1
5.0,Josh Allen,26.0,BUF,QB,2.0,2.0,48.0,81.0,990.0,12.2,435.0,9.1,5.4,181.0,3.8,4.0,4.0,0.0,2.0,2.6,16.0,20.8,2.7,30.0,8.0,11.0,27.0,28.1,7.0,5.6,,2022,54.0,70.1,1-1-0,59.3,616.0,3.0,3.7,3.0,3.7,30.0,44.9,52.0,7.6,6.68,12.8,308.0,80.1,8.0,39.0,8.99,6.48,5.64,0.0,0.0,1
6.0,Dak Prescott,29.0,DAL,QB,2.0,2.0,48.0,70.0,571.0,8.2,305.0,6.4,4.4,206.0,4.3,1.0,1.0,0.0,7.0,10.1,8.0,11.6,2.4,16.0,3.0,7.0,12.0,15.6,5.0,6.8,,2022,51.0,73.9,1-1-0,68.6,511.0,5.0,7.1,2.0,2.9,25.0,48.6,46.0,7.3,7.44,10.6,255.5,101.5,2.0,8.0,2.78,6.99,7.13,0.0,0.0,1
7.0,Tom Brady,45.0,TAM,QB,1.0,1.0,35.0,66.0,369.0,5.6,159.0,4.5,2.4,192.0,5.5,3.0,5.0,0.0,4.0,6.6,12.0,19.7,2.3,5.0,3.0,4.0,9.0,13.2,0.0,,,2022,37.0,60.7,0-1-0,53.0,351.0,2.0,3.0,1.0,1.5,20.0,42.6,30.0,5.3,5.24,10.0,351.0,72.2,2.0,17.0,2.94,4.91,4.84,0.0,0.0,0
8.0,Brock Purdy,23.0,SFO,QB,3.0,3.0,41.0,63.0,605.0,9.6,287.0,7.0,4.6,282.0,6.9,2.0,6.0,0.0,1.0,1.8,9.0,15.8,2.4,13.0,0.0,4.0,8.0,11.3,4.0,5.3,,2022,41.0,71.9,2-1-0,65.1,569.0,3.0,4.8,0.0,0.0,27.0,49.3,74.0,9.0,9.98,13.9,189.7,109.8,4.0,23.0,5.97,8.15,9.04,0.0,1.0,2
9.0,Daniel Jones,25.0,NYG,QB,2.0,2.0,39.0,62.0,415.0,6.7,203.0,5.2,3.3,233.0,6.0,1.0,3.0,0.0,3.0,5.1,8.0,13.6,2.4,16.0,3.0,4.0,15.0,19.0,9.0,9.2,,2022,46.0,78.0,1-1-0,62.9,436.0,2.0,3.2,1.0,1.6,23.0,45.7,47.0,7.0,6.95,11.2,218.0,87.8,8.0,38.0,11.43,5.69,5.61,0.0,1.0,1
10.0,Skylar Thompson,25.0,MIA,QB,1.0,1.0,18.0,45.0,497.0,11.0,114.0,6.3,2.5,106.0,5.9,0.0,4.0,0.0,3.0,7.3,11.0,26.8,2.8,9.0,4.0,5.0,13.0,25.5,2.0,1.5,,2022,27.0,65.9,0-1-0,40.0,220.0,1.0,2.2,2.0,4.4,12.0,32.7,25.0,4.9,3.33,12.2,220.0,44.7,4.0,31.0,8.16,3.86,2.43,0.0,0.0,0
11.0,Justin Herbert,24.0,LAC,QB,1.0,1.0,25.0,43.0,239.0,5.6,123.0,4.9,2.9,150.0,6.0,5.0,0.0,0.0,1.0,2.3,10.0,23.3,2.3,19.0,4.0,6.0,13.0,27.7,1.0,13.0,,2022,27.0,62.8,0-1-0,58.1,273.0,1.0,2.3,0.0,0.0,13.0,37.0,25.0,6.3,6.81,10.9,273.0,84.7,3.0,20.0,6.52,5.5,5.93,0.0,0.0,0
12.0,Kirk Cousins,34.0,MIN,QB,1.0,1.0,31.0,39.0,259.0,6.6,146.0,4.7,3.7,127.0,4.1,0.0,1.0,0.0,1.0,2.6,4.0,10.5,2.1,5.0,1.0,12.0,13.0,33.3,0.0,,,2022,32.0,84.2,0-1-0,79.5,273.0,2.0,5.1,0.0,0.0,16.0,56.4,28.0,7.0,8.03,8.8,273.0,112.9,0.0,0.0,0.0,7.0,8.03,0.0,0.0,0
13.0,Geno Smith,32.0,SEA,QB,1.0,1.0,25.0,35.0,326.0,9.3,176.0,7.0,5.0,77.0,3.1,0.0,1.0,0.0,1.0,2.9,6.0,17.6,2.4,6.0,0.0,0.0,3.0,7.3,3.0,9.7,,2022,25.0,73.5,0-1-0,71.4,253.0,2.0,5.7,1.0,2.9,14.0,52.6,50.0,7.2,7.09,10.1,253.0,98.9,3.0,25.0,7.89,6.0,5.87,0.0,0.0,0
14.0,Tyler Huntley,24.0,BAL,QB,1.0,1.0,17.0,29.0,191.0,6.6,100.0,5.9,3.4,126.0,7.4,3.0,1.0,0.0,0.0,0.0,6.0,21.4,2.4,16.0,2.0,3.0,7.0,21.2,2.0,3.5,,2022,20.0,71.4,0-1-0,58.6,226.0,2.0,6.9,1.0,3.4,11.0,45.2,41.0,7.8,7.62,13.3,226.0,92.0,2.0,17.0,6.45,6.74,6.58,0.0,0.0,0
15.0,Josh Johnson,36.0,SFO,QB,1.0,0.0,7.0,13.0,67.0,5.2,22.0,3.1,1.7,52.0,7.4,1.0,2.0,0.0,1.0,9.1,2.0,18.2,2.3,4.0,2.0,4.0,8.0,53.3,0.0,,,2022,9.0,81.8,,53.8,74.0,0.0,0.0,0.0,0.0,3.0,40.0,22.0,5.7,5.69,10.6,74.0,70.7,2.0,14.0,13.33,4.0,4.0,0.0,0.0,
16.0,Chad Henne,37.0,KAN,QB,1.0,0.0,5.0,7.0,32.0,4.6,11.0,2.2,1.6,12.0,2.4,1.0,0.0,0.0,0.0,0.0,1.0,14.3,1.6,3.0,0.0,0.0,0.0,0.0,0.0,,,2022,5.0,71.4,,71.4,23.0,1.0,14.3,0.0,0.0,3.0,71.4,8.0,3.3,6.14,4.6,23.0,114.9,0.0,0.0,0.0,3.29,6.14,0.0,0.0,
17.0,Justin Jefferson,23.0,MIN,WR,1.0,1.0,1.0,1.0,-6.0,-6.0,-6.0,-6.0,-6.0,4.0,4.0,0.0,0.0,0.0,0.0,0.0,0.0,0.0,0.9,0.0,0.0,0.0,0.0,0.0,0.0,,,2022,1.0,100.0,,100.0,-2.0,0.0,0.0,0.0,0.0,0.0,,-2.0,-2.0,-2.0,-2.0,-2.0,79.2,0.0,0.0,0.0,-2.0,-2.0,0.0,0.0,
18.0,Christian McCaffrey,26.0,SFO,RB,1.0,1.0,0.0,1.0,39.0,39.0,0.0,,0.0,0.0,,0.0,1.0,0.0,0.0,,0.0,,3.7,1.0,0.0,1.0,1.0,100.0,0.0,,,2022,0.0,,,0.0,0.0,0.0,0.0,0.0,0.0,0.0,,,0.0,0.0,,0.0,39.6,0.0,0.0,0.0,0.0,0.0,0.0,0.0,
,League Average,,nan,,,,,,,7.9,,5.7,3.6,,4.9,,,,,4.0,,16.6,2.3,,,,,19.8,,7.3,,2022,,72.7,,63.4,,,4.6,,1.9,,47.4,,6.8,6.81,10.7,211.0,90.4,,,5.92,6.02,6.07,,,
1.0,Patrick Mahomes,28.0,KAN,QB,4.0,4.0,104.0,149.0,973.0,6.5,515.0,5.0,3.5,536.0,5.2,2.0,16.0,0.0,6.0,4.5,17.0,12.8,2.3,35.0,15.0,16.0,36.0,21.6,13.0,9.2,SB MVP,2023,112.0,84.2,4-0-0,69.8,1051.0,6.0,4.0,1.0,0.7,53.0,50.6,52.0,7.1,7.56,10.1,262.8,100.3,5.0,19.0,3.25,6.7,7.19,2.0,2.0,4
2.0,Jared Goff,29.0,DET,QB,3.0,3.0,77.0,111.0,756.0,6.8,397.0,5.2,3.6,440.0,5.7,1.0,3.0,0.0,5.0,4.6,20.0,18.5,2.4,29.0,4.0,8.0,19.0,16.0,1.0,7.0,,2023,88.0,81.5,2-1-0,69.4,837.0,4.0,3.6,0.0,0.0,50.0,52.5,33.0,7.5,8.26,10.9,279.0,103.3,7.0,45.0,5.93,6.71,7.39,0.0,1.0,2
3.0,Brock Purdy,24.0,SFO,QB,3.0,3.0,66.0,108.0,909.0,8.4,397.0,6.0,3.7,377.0,5.7,5.0,4.0,1.0,3.0,2.9,23.0,22.3,2.4,41.0,3.0,15.0,22.0,18.5,7.0,10.7,,2023,70.0,68.0,2-1-0,61.1,774.0,3.0,2.8,1.0,0.9,38.0,45.5,51.0,7.2,7.31,11.7,258.0,88.3,4.0,20.0,3.57,6.73,6.87,1.0,2.0,2
4.0,Baker Mayfield,28.0,TAM,QB,2.0,2.0,48.0,77.0,649.0,8.4,341.0,7.1,4.4,345.0,7.2,2.0,3.0,0.0,12.0,16.2,8.0,10.8,2.3,25.0,5.0,4.0,17.0,19.3,3.0,5.7,,2023,65.0,87.8,1-1-0,62.3,686.0,6.0,7.8,2.0,2.6,31.0,49.4,56.0,8.9,9.3,14.3,343.0,106.3,8.0,60.0,9.41,7.36,7.72,0.0,0.0,1
5.0,Josh Allen,27.0,BUF,QB,2.0,2.0,47.0,69.0,437.0,6.3,107.0,2.3,1.6,282.0,6.0,2.0,2.0,0.0,7.0,10.4,8.0,11.9,2.3,23.0,4.0,3.0,9.0,11.4,8.0,12.6,,2023,57.0,85.1,1-1-0,68.1,389.0,4.0,5.8,0.0,0.0,23.0,49.3,34.0,5.6,6.8,8.3,194.5,101.7,2.0,14.0,2.82,5.28,6.41,0.0,0.0,1
6.0,Dak Prescott,30.0,DAL,QB,1.0,1.0,41.0,60.0,511.0,8.5,241.0,5.9,4.0,162.0,4.0,1.0,1.0,0.0,2.0,3.4,10.0,16.9,2.5,9.0,2.0,5.0,11.0,15.7,6.0,7.5,,2023,49.0,83.1,0-1-0,68.3,403.0,3.0,5.0,2.0,3.3,25.0,56.3,47.0,6.7,6.22,9.8,403.0,89.8,4.0,16.0,6.25,6.05,5.58,0.0,0.0,0
7.0,Lamar Jackson,26.0,BAL,QB,2.0,2.0,36.0,59.0,515.0,8.7,253.0,7.0,4.3,171.0,4.8,3.0,4.0,0.0,3.0,5.5,12.0,21.8,2.8,37.0,4.0,5.0,16.0,21.1,10.0,9.2,,2023,40.0,72.7,1-1-0,61.0,424.0,3.0,5.1,1.0,1.7,21.0,47.0,54.0,7.2,7.44,11.8,212.0,92.8,7.0,46.0,10.61,5.73,5.95,0.0,0.0,1
8.0,Jordan Love,25.0,GNB,QB,2.0,2.0,37.0,55.0,424.0,7.7,264.0,7.1,4.8,202.0,5.5,0.0,1.0,0.0,2.0,3.7,10.0,18.5,2.5,9.0,5.0,10.0,15.0,26.8,1.0,3.0,,2023,42.0,77.8,1-1-0,67.3,466.0,5.0,9.1,2.0,3.6,21.0,50.9,46.0,8.5,8.65,12.6,233.0,108.6,0.0,0.0,0.0,8.47,8.65,0.0,0.0,1
9.0,C.J. Stroud,22.0,HOU,QB,2.0,2.0,35.0,54.0,427.0,7.9,199.0,5.7,3.7,250.0,7.1,2.0,2.0,0.0,2.0,3.8,8.0,15.4,2.4,14.0,5.0,6.0,11.0,19.6,2.0,5.0,,2023,41.0,78.8,1-1-0,64.8,449.0,3.0,5.6,0.0,0.0,18.0,42.6,76.0,8.3,9.43,12.8,224.5,109.3,0.0,0.0,0.0,8.31,9.43,0.0,0.0,1
10.0,Joe Flacco,38.0,CLE,QB,1.0,1.0,34.0,46.0,314.0,6.8,177.0,5.2,3.8,130.0,3.8,0.0,2.0,0.0,2.0,4.5,4.0,9.1,2.6,7.0,1.0,3.0,8.0,15.4,2.0,5.0,,2023,40.0,90.9,0-1-0,73.9,307.0,1.0,2.2,2.0,4.3,14.0,48.0,47.0,6.7,5.15,9.0,307.0,80.6,4.0,39.0,8.0,5.36,3.96,0.0,0.0,0
11.0,Mason Rudolph,28.0,PIT,QB,1.0,1.0,22.0,39.0,282.0,7.2,130.0,5.9,3.3,99.0,4.5,3.0,0.0,1.0,0.0,0.0,8.0,21.1,2.2,8.0,3.0,3.0,7.0,16.7,2.0,8.0,,2023,25.0,65.8,0-1-0,56.4,229.0,2.0,5.1,1.0,2.6,14.0,50.0,33.0,5.9,5.74,10.4,229.0,80.0,1.0,11.0,2.5,5.45,5.33,0.0,0.0,0
12.0,Tua Tagovailoa,25.0,MIA,QB,1.0,1.0,20.0,39.0,289.0,7.4,109.0,5.5,2.8,90.0,4.5,1.0,1.0,0.0,3.0,7.9,10.0,26.3,2.0,8.0,2.0,2.0,6.0,14.0,2.0,7.5,,2023,23.0,60.5,0-1-0,51.3,199.0,1.0,2.6,1.0,2.6,8.0,29.3,53.0,5.1,4.46,10.0,199.0,63.9,2.0,11.0,4.88,4.59,3.98,0.0,0.0,0
13.0,Matthew Stafford,35.0,LAR,QB,1.0,1.0,25.0,36.0,335.0,9.3,160.0,6.4,4.4,207.0,8.3,1.0,2.0,0.0,0.0,0.0,6.0,17.6,2.3,10.0,0.0,5.0,7.0,18.4,0.0,,,2023,27.0,79.4,0-1-0,69.4,367.0,2.0,5.6,0.0,0.0,15.0,57.9,50.0,10.2,11.31,14.7,367.0,120.9,2.0,10.0,5.26,9.39,10.45,0.0,0.0,0
14.0,Jalen Hurts,25.0,PHI,QB,1.0,1.0,25.0,35.0,275.0,7.9,148.0,5.9,4.2,102.0,4.1,1.0,3.0,0.0,2.0,6.3,1.0,3.1,2.2,24.0,8.0,1.0,12.0,30.8,1.0,5.0,,2023,31.0,96.9,0-1-0,71.4,250.0,1.0,2.9,0.0,0.0,9.0,34.2,55.0,7.1,7.71,10.0,250.0,100.9,3.0,16.0,7.89,6.16,6.68,0.0,0.0,0
15.0,Jauan Jennings,26.0,SFO,WR,1.0,0.0,1.0,1.0,-5.0,-5.0,-5.0,-5.0,-5.0,26.0,26.0,0.0,0.0,0.0,0.0,0.0,0.0,0.0,0.8,0.0,0.0,1.0,1.0,100.0,0.0,,,2023,1.0,100.0,,100.0,21.0,1.0,100.0,0.0,0.0,1.0,100.0,21.0,21.0,41.0,21.0,21.0,158.3,0.0,0.0,0.0,21.0,41.0,0.0,0.0,
16.0,Davis Mills,25.0,HOU,QB,1.0,0.0,1.0,1.0,0.0,0.0,0.0,0.0,0.0,6.0,6.0,0.0,0.0,0.0,0.0,0.0,0.0,0.0,1.4,0.0,0.0,0.0,0.0,0.0,0.0,,,2023,1.0,100.0,,100.0,6.0,0.0,0.0,0.0,0.0,0.0,,6.0,6.0,6.0,6.0,6.0,91.7,0.0,0.0,0.0,6.0,6.0,0.0,0.0,
,League Average,,nan,,,,,,,7.6,,5.5,3.7,,5.5,,,,,5.5,,16.2,2.3,,,,,18.8,,8.9,,2023,,79.7,,65.9,,,4.8,,1.4,,48.4,,7.3,7.64,11.1,244.9,97.7,,,4.96,6.63,6.95,,,
1.0,Jayden Daniels,24.0,WAS,QB,3.0,3.0,75.0,114.0,729.0,6.4,390.0,5.2,3.4,432.0,5.8,4.0,6.0,0.0,3.0,2.8,17.0,15.7,2.3,29.0,15.0,6.0,25.0,19.1,13.0,6.2,,2024,82.0,75.9,2-1-0,65.8,822.0,5.0,4.4,1.0,0.9,43.0,46.6,58.0,7.2,7.69,11.0,274.0,97.9,4.0,27.0,3.39,6.74,7.2,1.0,1.0,2
2.0,Jalen Hurts,26.0,PHI,QB,4.0,4.0,65.0,91.0,603.0,6.6,341.0,5.2,3.7,385.0,5.9,0.0,6.0,0.0,3.0,3.5,11.0,12.9,2.5,33.0,15.0,4.0,32.0,28.1,10.0,9.1,SB MVP,2024,68.0,80.0,4-0-0,71.4,726.0,5.0,5.5,1.0,1.1,35.0,49.0,46.0,8.0,8.58,11.2,181.5,108.6,13.0,100.0,12.5,6.02,6.55,0.0,0.0,4
3.0,Patrick Mahomes,29.0,KAN,QB,3.0,3.0,55.0,83.0,588.0,7.1,350.0,6.4,4.2,329.0,6.0,0.0,2.0,0.0,4.0,4.9,16.0,19.8,2.2,16.0,7.0,15.0,33.0,30.8,13.0,6.6,,2024,60.0,74.1,2-1-0,66.3,679.0,5.0,6.0,2.0,2.4,32.0,46.8,50.0,8.2,8.3,12.3,226.3,101.4,11.0,58.0,11.7,6.61,6.71,1.0,1.0,2
4.0,Josh Allen,28.0,BUF,QB,3.0,3.0,58.0,82.0,674.0,8.2,314.0,5.4,3.8,322.0,5.6,1.0,5.0,0.0,3.0,3.9,12.0,15.6,2.2,27.0,2.0,10.0,17.0,18.5,5.0,7.4,,2024,65.0,84.4,2-1-0,70.7,636.0,4.0,4.9,0.0,0.0,26.0,49.4,55.0,7.8,8.73,11.0,212.0,109.6,5.0,22.0,5.75,7.06,7.98,0.0,0.0,2
5.0,Matthew Stafford,36.0,LAR,QB,2.0,2.0,45.0,71.0,638.0,9.0,354.0,7.9,5.0,179.0,4.0,2.0,1.0,0.0,5.0,7.1,8.0,11.4,2.2,28.0,3.0,5.0,15.0,19.0,1.0,5.0,,2024,53.0,75.7,1-1-0,63.4,533.0,4.0,5.6,0.0,0.0,25.0,44.9,48.0,7.5,8.63,11.8,266.5,105.0,7.0,40.0,8.97,6.32,7.35,0.0,0.0,1
6.0,C.J. Stroud,23.0,HOU,QB,2.0,2.0,41.0,61.0,587.0,9.6,347.0,8.5,5.7,180.0,4.4,1.0,1.0,0.0,0.0,0.0,10.0,16.7,2.3,23.0,10.0,8.0,29.0,36.3,8.0,10.6,,2024,44.0,73.3,1-1-0,67.2,527.0,1.0,1.6,1.0,1.6,24.0,44.4,41.0,8.6,8.23,12.9,263.5,92.7,11.0,79.0,15.28,6.22,5.88,0.0,0.0,1
7.0,Lamar Jackson,27.0,BAL,QB,2.0,2.0,34.0,46.0,378.0,8.2,258.0,7.6,5.6,171.0,5.0,0.0,1.0,1.0,2.0,4.5,5.0,11.4,2.7,19.0,4.0,3.0,10.0,17.5,8.0,8.6,,2024,37.0,84.1,1-1-0,73.9,429.0,4.0,8.7,1.0,2.2,20.0,53.1,42.0,9.3,10.09,12.6,214.5,122.5,3.0,24.0,6.12,8.27,8.98,0.0,0.0,1
8.0,Sam Darnold,27.0,MIN,QB,1.0,1.0,25.0,40.0,413.0,10.3,146.0,5.8,3.7,99.0,4.0,0.0,0.0,0.0,1.0,2.5,10.0,25.0,2.6,7.0,1.0,1.0,11.0,22.0,1.0,17.0,,2024,26.0,65.0,0-1-0,62.5,245.0,1.0,2.5,1.0,2.5,11.0,32.7,26.0,6.1,5.5,9.8,245.0,77.6,9.0,82.0,18.37,3.33,2.82,0.0,0.0,0
9.0,Jared Goff,30.0,DET,QB,1.0,1.0,23.0,40.0,333.0,8.3,160.0,7.0,4.0,153.0,6.7,1.0,1.0,3.0,4.0,11.1,6.0,16.7,2.5,7.0,6.0,5.0,13.0,30.2,1.0,7.0,,2024,27.0,75.0,0-1-0,57.5,313.0,1.0,2.5,3.0,7.5,17.0,50.0,34.0,7.8,4.95,13.6,313.0,59.7,2.0,16.0,4.76,7.07,4.33,0.0,0.0,0
10.0,Jordan Love,26.0,GNB,QB,1.0,1.0,20.0,33.0,277.0,8.4,85.0,4.3,2.6,127.0,6.4,1.0,0.0,0.0,2.0,6.1,10.0,30.3,2.3,1.0,2.0,3.0,7.0,19.4,1.0,11.0,,2024,22.0,66.7,0-1-0,60.6,212.0,0.0,0.0,3.0,9.1,12.0,48.6,29.0,6.4,2.33,10.6,212.0,41.5,2.0,17.0,5.71,5.57,1.71,0.0,0.0,0
11.0,Justin Herbert,26.0,LAC,QB,1.0,1.0,14.0,32.0,405.0,12.7,130.0,9.3,4.1,112.0,8.0,0.0,0.0,0.0,3.0,9.4,7.0,21.9,2.6,15.0,4.0,4.0,12.0,33.3,0.0,,,2024,20.0,62.5,0-1-0,43.8,242.0,1.0,3.1,4.0,12.5,9.0,33.3,86.0,7.6,2.56,17.3,242.0,40.9,4.0,31.0,11.11,5.86,1.42,0.0,0.0,0
12.0,Russell Wilson,36.0,PIT,QB,1.0,1.0,20.0,29.0,244.0,8.4,144.0,7.2,5.0,126.0,6.3,1.0,3.0,0.0,2.0,7.7,3.0,11.5,2.1,4.0,3.0,3.0,10.0,28.6,2.0,3.5,,2024,22.0,84.6,0-1-0,69.0,270.0,2.0,6.9,0.0,0.0,9.0,42.4,37.0,9.3,10.69,13.5,270.0,121.3,4.0,19.0,12.12,7.61,8.82,0.0,0.0,0
13.0,Bo Nix,24.0,DEN,QB,1.0,1.0,13.0,22.0,260.0,11.8,114.0,8.8,5.2,30.0,2.3,0.0,0.0,0.0,3.0,13.6,6.0,27.3,2.7,6.0,1.0,2.0,5.0,18.5,3.0,13.7,,2024,16.0,72.7,0-1-0,59.1,144.0,1.0,4.5,0.0,0.0,6.0,37.5,43.0,6.5,7.45,11.1,144.0,93.7,2.0,14.0,8.33,5.42,6.25,0.0,0.0,0
14.0,Baker Mayfield,29.0,TAM,QB,1.0,1.0,15.0,18.0,138.0,7.7,104.0,6.9,5.8,81.0,5.4,0.0,1.0,0.0,1.0,5.9,1.0,5.9,2.3,2.0,0.0,0.0,1.0,4.3,4.0,5.3,,2024,16.0,94.1,0-1-0,83.3,185.0,2.0,11.1,0.0,0.0,12.0,63.2,26.0,10.3,12.5,12.3,185.0,146.5,1.0,2.0,5.26,9.63,11.74,0.0,0.0,0
15.0,Teddy Bridgewater,32.0,DET,QB,1.0,0.0,1.0,1.0,3.0,3.0,3.0,3.0,3.0,0.0,0.0,0.0,0.0,0.0,0.0,0.0,0.0,0.0,2.8,0.0,0.0,0.0,0.0,0.0,0.0,,,2024,1.0,100.0,,100.0,3.0,0.0,0.0,0.0,0.0,1.0,100.0,3.0,3.0,3.0,3.0,3.0,79.2,0.0,0.0,0.0,3.0,3.0,0.0,0.0,
16.0,Riley Dixon,31.0,DEN,P,1.0,0.0,1.0,1.0,15.0,15.0,15.0,15.0,15.0,0.0,0.0,0.0,0.0,0.0,0.0,0.0,0.0,0.0,1.8,1.0,0.0,0.0,0.0,0.0,0.0,,,2024,1.0,100.0,,100.0,15.0,0.0,0.0,0.0,0.0,1.0,100.0,15.0,15.0,15.0,15.0,15.0,118.7,0.0,0.0,0.0,15.0,15.0,0.0,0.0,
17.0,Justin Fields,25.0,PIT,QB,1.0,0.0,0.0,1.0,5.0,5.0,0.0,,0.0,0.0,,0.0,0.0,0.0,0.0,0.0,1.0,100.0,2.4,1.0,0.0,1.0,1.0,100.0,0.0,,,2024,0.0,0.0,,0.0,0.0,0.0,0.0,0.0,0.0,0.0,,,0.0,0.0,,0.0,39.6,0.0,0.0,0.0,0.0,0.0,0.0,0.0,
18.0,David Montgomery,27.0,DET,RB,1.0,1.0,1.0,1.0,-3.0,-3.0,-3.0,-3.0,-3.0,23.0,23.0,0.0,0.0,0.0,0.0,0.0,0.0,0.0,1.3,1.0,0.0,0.0,0.0,0.0,0.0,,,2024,1.0,100.0,,100.0,20.0,0.0,0.0,0.0,0.0,1.0,100.0,20.0,20.0,20.0,20.0,20.0,118.7,0.0,0.0,0.0,20.0,20.0,0.0,0.0,
19.0,Kenny Pickett,26.0,PHI,QB,1.0,0.0,0.0,1.0,6.0,6.0,0.0,,0.0,0.0,,0.0,0.0,0.0,0.0,0.0,1.0,100.0,1.9,0.0,0.0,0.0,0.0,0.0,0.0,,,2024,0.0,0.0,,0.0,0.0,0.0,0.0,0.0,0.0,0.0,,,0.0,0.0,,0.0,39.6,0.0,0.0,0.0,0.0,0.0,0.0,0.0,
20.0,Tress Way,34.0,WAS,P,1.0,0.0,1.0,1.0,16.0,16.0,16.0,16.0,16.0,7.0,7.0,0.0,0.0,0.0,0.0,0.0,0.0,0.0,1.9,1.0,0.0,0.0,0.0,0.0,0.0,,,2024,1.0,100.0,,100.0,23.0,0.0,0.0,0.0,0.0,1.0,100.0,23.0,23.0,23.0,23.0,23.0,118.7,0.0,0.0,0.0,23.0,23.0,0.0,0.0,
21.0,Jameson Williams,23.0,DET,WR,1.0,1.0,0.0,1.0,20.0,20.0,0.0,,0.0,0.0,,0.0,0.0,0.0,0.0,0.0,0.0,0.0,4.3,0.0,0.0,0.0,0.0,0.0,0.0,,,2024,0.0,0.0,,0.0,0.0,0.0,0.0,1.0,100.0,0.0,,,0.0,-45.0,,0.0,0.0,0.0,0.0,0.0,0.0,-45.0,0.0,0.0,
,League Average,,nan,,,,,,,8.2,,6.4,4.2,,5.4,,,,,4.9,,16.8,2.4,,,,,24.1,,8.0,,2024,,76.2,,65.9,,,4.7,,2.3,,46.2,,7.8,7.72,11.9,182.5,95.5,,,9.21,6.49,6.38,,,
